kmer	count
AAA	236
AAC	146
AAG	114
AAT	179
ACA	251
ACC	107
ACG	72
ACT	109
AGA	130
AGC	88
AGG	110
AGT	124
ATA	231
ATC	67
ATG	177
ATT	224
CAA	165
CAC	130
CAG	156
CAT	146
CCA	121
CCC	74
CCG	33
CCT	119
CGA	41
CGC	31
CGG	45
CGT	55
CTA	116
CTC	40
CTG	128
CTT	90
GAA	117
GAC	99
GAG	68
GAT	106
GCA	167
GCC	72
GCG	45
GCT	79
GGA	113
GGC	102
GGG	81
GGT	112
GTA	175
GTC	60
GTG	158
GTT	132
TAA	157
TAC	164
TAG	114
TAT	267
TCA	58
TCC	94
TCG	22
TCT	67
TGA	106
TGC	142
TGG	172
TGT	234
TTA	180
TTC	75
TTG	191
TTT	271
